,accuracy,precision,recall,f1_score,roc_auc,gini,time_sec
bagging_svm,0.755,0.7935483870967742,0.8785714285714286,0.8338983050847458,0.7784523809523809,0.5569047619047618,0.5729074478149414
grid_search_tuned,0.74,0.782051282051282,0.8714285714285714,0.8243243243243245,0.7576190476190476,0.5152380952380953,0.684941291809082
random_search_tuned,0.75,0.7960526315789473,0.8642857142857143,0.8287671232876712,0.7695238095238095,0.539047619047619,1.2338621616363525
bayes_opt_tuned,0.745,0.7834394904458599,0.8785714285714286,0.8282828282828283,0.7576190476190476,0.5152380952380953,0.9855406284332275
hypergrad_tuned,0.755,0.7935483870967742,0.8785714285714286,0.8338983050847458,0.7784523809523809,0.5569047619047618,0.542395830154419
